id,first_name,last_name,email,gender,country
1,Melonie,Cote,mcote0@usa.gov,Female,Indonesia
2,Lorenzo,De Fraine,ldefraine1@stanford.edu,Male,Philippines
3,Marie,Fiander,mfiander2@github.io,Female,Palestinian Territory
4,Tedie,Gaber,tgaber3@mapy.cz,Male,Colombia
5,Perl,Wolstencroft,pwolstencroft4@bandcamp.com,Female,Sweden
6,Helena,Pock,hpock5@unicef.org,Female,Philippines
7,Luella,Mouat,lmouat6@symantec.com,Female,China
8,Jone,Brunsdon,jbrunsdon7@sfgate.com,Male,United States
9,Maryl,Leatherland,mleatherland8@slate.com,Female,Portugal
10,Lilian,Menere,lmenere9@acquirethisname.com,Female,Panama
11,Eunice,Shipsey,eshipseya@purevolume.com,Female,Poland
12,Elaine,MacTavish,emactavishb@dailymotion.com,Female,Sweden
13,Celesta,Poleykett,cpoleykettc@flavors.me,Female,Canada
14,Sawyer,MacCardle,smaccardled@domainmarket.com,Male,Bahrain
15,Fern,Hayman,fhaymane@indiatimes.com,Female,China
16,Wilburt,Pyecroft,wpyecroftf@ifeng.com,Male,Argentina
17,Gert,Kristof,gkristofg@instagram.com,Female,Niger
18,Gardy,Paskerful,gpaskerfulh@usgs.gov,Male,United States
19,Robinette,Hakes,rhakesi@linkedin.com,Female,New Zealand
20,Hilliary,Ginnaly,hginnalyj@alexa.com,Female,Ukraine
21,Taber,Matzl,tmatzlk@cyberchimps.com,Male,China
22,Brnaby,Shetliff,bshetliffl@ca.gov,Male,Philippines
23,Konstantine,Joska,kjoskam@t-online.de,Male,Poland
24,Kacie,Karby,kkarbyn@yellowbook.com,Female,Russia
25,Robers,Gasquoine,rgasquoineo@adobe.com,Male,Indonesia
26,Joe,Skyppe,jskyppep@blogspot.com,Male,Portugal
27,Ira,Braidman,ibraidmanq@nydailynews.com,Male,Indonesia
28,Lemmy,Dunkerley,ldunkerleyr@ucoz.ru,Male,China
29,Lenee,Morley,lmorleys@nih.gov,Female,Mexico
30,Davy,Lythgoe,dlythgoet@noaa.gov,Male,Venezuela
31,Charmine,Liggons,cliggonsu@deviantart.com,Female,Palestinian Territory
32,Danie,Upham,duphamv@1688.com,Male,China
33,Lindsay,Minards,lminardsw@webs.com,Male,China
34,Carolina,Bareham,cbarehamx@weebly.com,Female,China
35,Sigfried,Robbs,srobbsy@youtube.com,Male,China
36,Consolata,Loyndon,cloyndonz@skype.com,Female,Netherlands
37,Laird,Robart,lrobart10@g.co,Male,China
38,Slade,Battany,sbattany11@godaddy.com,Male,Philippines
39,Stafford,Emmens,semmens12@paginegialle.it,Male,Portugal
40,Aldous,Hillan,ahillan13@nationalgeographic.com,Male,Botswana
41,Eziechiele,Bulluck,ebulluck14@dyndns.org,Male,Philippines
42,Toinette,Curreen,tcurreen15@tiny.cc,Female,Indonesia
43,Kaine,Whight,kwhight16@miibeian.gov.cn,Male,China
44,Hillier,Altham,haltham17@last.fm,Male,China
45,Porty,Mulroy,pmulroy18@hostgator.com,Male,Russia
46,Haydon,Ettritch,hettritch19@barnesandnoble.com,Male,Japan
47,Phillis,McIlhone,pmcilhone1a@cyberchimps.com,Female,China
48,Carie,Durward,cdurward1b@harvard.edu,Female,Nigeria
49,Godwin,Glitherow,gglitherow1c@wired.com,Male,China
50,Pasquale,Cherrington,pcherrington1d@microsoft.com,Male,France
51,Chen,Vane,cvane1e@gravatar.com,Male,China
52,Fabe,Scafe,fscafe1f@ow.ly,Male,Ivory Coast
53,Edita,Ghilks,eghilks1g@multiply.com,Female,Indonesia
54,Lazaro,Brehat,lbrehat1h@businesswire.com,Male,Morocco
55,Prescott,Dumbare,pdumbare1i@opera.com,Male,Philippines
56,Irwinn,Ledamun,iledamun1j@state.gov,Male,Greece
57,Vinita,Sauvage,vsauvage1k@netlog.com,Female,China
58,Roch,Spare,rspare1l@amazonaws.com,Female,Philippines
59,Jenda,Fearney,jfearney1m@illinois.edu,Female,Sweden
60,Wes,Loton,wloton1n@tripod.com,Male,China
61,Cathlene,Sizey,csizey1o@dagondesign.com,Female,Sierra Leone
62,Luce,Greendale,lgreendale1p@hexun.com,Male,Venezuela
63,Jeno,Coffey,jcoffey1q@buzzfeed.com,Male,France
64,Witty,O'Fihily,wofihily1r@prlog.org,Male,China
65,Rickie,Faltin,rfaltin1s@gov.uk,Female,Russia
66,Babette,Monahan,bmonahan1t@whitehouse.gov,Female,Russia
67,Jesse,Ellaway,jellaway1u@xinhuanet.com,Male,Greece
68,Andonis,Coslett,acoslett1v@hugedomains.com,Male,Poland
69,Tristam,Corston,tcorston1w@nydailynews.com,Male,Vietnam
70,Rosalyn,Erskine,rerskine1x@surveymonkey.com,Female,Poland
71,Sue,Cashen,scashen1y@apache.org,Female,Russia
72,Sancho,Riddett,sriddett1z@joomla.org,Male,Brazil
73,Theda,Barukh,tbarukh20@sfgate.com,Female,Vietnam
74,Felicity,Wrassell,fwrassell21@google.es,Female,Indonesia
75,Barny,Cassidy,bcassidy22@patch.com,Male,Portugal
76,Riobard,Stimson,rstimson23@barnesandnoble.com,Male,Indonesia
77,Alisha,Kermode,akermode24@google.pl,Female,China
78,Clemmy,Mountain,cmountain25@ifeng.com,Female,China
79,Tiphani,Snugg,tsnugg26@topsy.com,Female,China
80,Flossie,Paddeley,fpaddeley27@va.gov,Female,China
81,Helenelizabeth,Dorling,hdorling28@foxnews.com,Female,Malaysia
82,Bette-ann,Dust,bdust29@businessinsider.com,Female,Poland
83,Abby,Pearmine,apearmine2a@unc.edu,Female,Indonesia
84,Dyan,Maddock,dmaddock2b@forbes.com,Female,Morocco
85,Giraldo,Tesmond,gtesmond2c@ezinearticles.com,Male,Albania
86,Flint,Butterly,fbutterly2d@jigsy.com,Male,Russia
87,Stanley,Dowthwaite,sdowthwaite2e@networksolutions.com,Male,Indonesia
88,Shae,Zink,szink2f@furl.net,Male,Albania
89,Norene,Kermeen,nkermeen2g@moonfruit.com,Female,Thailand
90,Althea,Leslie,aleslie2h@discuz.net,Female,Brazil
91,Koralle,Oakeshott,koakeshott2i@google.com.au,Female,Mongolia
92,Cayla,Kobpal,ckobpal2j@blogspot.com,Female,Honduras
93,Catharina,Tagg,ctagg2k@cafepress.com,Female,France
94,Brendon,Facchini,bfacchini2l@google.ca,Male,United States
95,Albie,Jessop,ajessop2m@comsenz.com,Male,China
96,Adan,Kingaby,akingaby2n@zimbio.com,Female,Swaziland
97,Marielle,Speir,mspeir2o@moonfruit.com,Female,China
98,Nora,Vaggers,nvaggers2p@cnet.com,Female,Finland
99,Tedd,Glendinning,tglendinning2q@webeden.co.uk,Male,Russia
100,Perceval,Mawby,pmawby2r@ucoz.com,Male,Bangladesh
101,Nathalie,Biesterfeld,nbiesterfeld2s@cnn.com,Female,Libya
102,Janine,Trask,jtrask2t@discovery.com,Female,China
103,Raff,Queste,rqueste2u@altervista.org,Male,China
104,Townsend,Galloway,tgalloway2v@goo.gl,Male,Russia
105,Alvan,Huet,ahuet2w@bigcartel.com,Male,Belarus
106,Webster,Thistleton,wthistleton2x@shareasale.com,Male,China
107,Alexio,Hrus,ahrus2y@twitter.com,Male,Sweden
108,Nicki,Haskell,nhaskell2z@behance.net,Female,Senegal
109,Luz,Shrieve,lshrieve30@amazon.de,Female,Indonesia
110,Kelly,Spragge,kspragge31@quantcast.com,Male,Russia
111,Rahel,Hobson,rhobson32@nytimes.com,Female,Russia
112,Elianora,Proughten,eproughten33@mtv.com,Female,Indonesia
113,Mallorie,Beecraft,mbeecraft34@wikipedia.org,Female,China
114,Penrod,Liddicoat,pliddicoat35@pbs.org,Male,Nigeria
115,Gareth,Sparshatt,gsparshatt36@delicious.com,Male,Poland
116,Reginald,Cianelli,rcianelli37@walmart.com,Male,Yemen
117,Cliff,Bru,cbru38@xing.com,Male,China
118,Trumann,Panter,tpanter39@baidu.com,Male,Colombia
119,Godiva,Stithe,gstithe3a@icq.com,Female,Japan
120,Allister,Duddy,aduddy3b@shop-pro.jp,Male,China
121,Luigi,Christoforou,lchristoforou3c@sciencedaily.com,Male,Canada
122,Kristal,Joder,kjoder3d@typepad.com,Female,Philippines
123,Clarinda,Pycock,cpycock3e@dyndns.org,Female,Turkmenistan
124,Carl,Claessens,cclaessens3f@diigo.com,Male,China
125,Jordanna,Beggin,jbeggin3g@dot.gov,Female,Argentina
126,Frazer,Frake,ffrake3h@ebay.co.uk,Male,Moldova
127,Quincy,MacDougall,qmacdougall3i@umn.edu,Male,Portugal
128,Ozzie,Miliffe,omiliffe3j@unblog.fr,Male,Tajikistan
129,Susan,Giovanetti,sgiovanetti3k@multiply.com,Female,Brazil
130,Ardine,Ruhben,aruhben3l@redcross.org,Female,Ireland
131,Olympe,Tarbox,otarbox3m@woothemes.com,Female,Indonesia
132,Tybi,Rosell,trosell3n@godaddy.com,Female,Jordan
133,Horatius,Brafield,hbrafield3o@smh.com.au,Male,South Africa
134,Martina,Comi,mcomi3p@sina.com.cn,Female,Indonesia
135,Boigie,Hebble,bhebble3q@unesco.org,Male,China
136,Morgan,Kerley,mkerley3r@bbc.co.uk,Female,Portugal
137,Fernande,O'Harney,foharney3s@paginegialle.it,Female,Poland
138,Marthena,Bolderson,mbolderson3t@icq.com,Female,Indonesia
139,Merilee,Kerin,mkerin3u@sciencedirect.com,Female,Palestinian Territory
140,Cammi,Erangy,cerangy3v@hao123.com,Female,Philippines
141,Jacintha,Head,jhead3w@google.com.hk,Female,China
142,Hollyanne,Persian,hpersian3x@arizona.edu,Female,Indonesia
143,Ly,Postgate,lpostgate3y@deliciousdays.com,Male,Brazil
144,Sebastian,Mauchline,smauchline3z@accuweather.com,Male,Poland
145,Bordy,Tatteshall,btatteshall40@geocities.jp,Male,United States
146,Ruthe,Josefsson,rjosefsson41@microsoft.com,Female,France
147,Wilbur,Bance,wbance42@cloudflare.com,Male,Argentina
148,Correna,Culy,cculy43@soup.io,Female,Macedonia
149,Shanie,Beare,sbeare44@scientificamerican.com,Female,Dominican Republic
150,Bentley,Larmouth,blarmouth45@g.co,Male,Canada
151,Leonora,Awin,lawin46@yale.edu,Female,Russia
152,Kimberlee,Tawn,ktawn47@freewebs.com,Female,Poland
153,Reid,Jodrelle,rjodrelle48@hatena.ne.jp,Male,Venezuela
154,Lolita,Tatersale,ltatersale49@sourceforge.net,Female,Uzbekistan
155,Marjorie,Mallett,mmallett4a@wiley.com,Female,Indonesia
156,Aleksandr,Smythin,asmythin4b@drupal.org,Male,Poland
157,Jourdan,Hollyland,jhollyland4c@google.cn,Female,Spain
158,Crin,Bosman,cbosman4d@weibo.com,Female,Lithuania
159,Celinka,Bartczak,cbartczak4e@mashable.com,Female,Russia
160,Fabio,Bibb,fbibb4f@de.vu,Male,Canada
161,Stavros,Oehme,soehme4g@qq.com,Male,Canada
162,Tedmund,Pascho,tpascho4h@blog.com,Male,Indonesia
163,Willamina,Ertel,wertel4i@acquirethisname.com,Female,China
164,Pryce,Demare,pdemare4j@blogs.com,Male,China
165,Shaylynn,Davenhill,sdavenhill4k@weibo.com,Female,Indonesia
166,Torrence,Rudledge,trudledge4l@feedburner.com,Male,Philippines
167,Corey,Frosdick,cfrosdick4m@networksolutions.com,Female,Senegal
168,Evey,Kobierzycki,ekobierzycki4n@google.ru,Female,Indonesia
169,Wilmer,Swinglehurst,wswinglehurst4o@t.co,Male,Peru
170,Leroy,Giovannacci,lgiovannacci4p@deliciousdays.com,Male,Japan
171,Cesare,Drohan,cdrohan4q@jiathis.com,Male,China
172,Alexa,Skipp,askipp4r@webmd.com,Female,El Salvador
173,Gal,Espino,gespino4s@free.fr,Male,Czech Republic
174,Fredia,Bonnyson,fbonnyson4t@goodreads.com,Female,China
175,Willa,Rustidge,wrustidge4u@hibu.com,Female,Honduras
176,Nedi,Shoobridge,nshoobridge4v@usnews.com,Female,Russia
177,Pinchas,Pattlel,ppattlel4w@blogs.com,Male,Philippines
178,Waldon,Orpyne,worpyne4x@mit.edu,Male,Indonesia
179,Deirdre,Keegan,dkeegan4y@php.net,Female,United States
180,Francisco,Smurthwaite,fsmurthwaite4z@answers.com,Male,South Africa
181,Sarena,Delepine,sdelepine50@indiatimes.com,Female,China
182,Eugenio,Kelbie,ekelbie51@paginegialle.it,Male,Poland
183,Jeromy,Cosyns,jcosyns52@digg.com,Male,Philippines
184,Haywood,Thirsk,hthirsk53@amazonaws.com,Male,Spain
185,Rodd,Youthead,ryouthead54@alibaba.com,Male,Poland
186,Marco,Mogenot,mmogenot55@twitter.com,Male,Ecuador
187,Nara,Eldered,neldered56@amazon.com,Female,South Africa
188,Milena,Gogan,mgogan57@woothemes.com,Female,Philippines
189,Karie,Jacobson,kjacobson58@jimdo.com,Female,China
190,Dix,Giffard,dgiffard59@typepad.com,Female,Sweden
191,Michale,Pencost,mpencost5a@princeton.edu,Male,Palestinian Territory
192,Odelia,Cheeseman,ocheeseman5b@cdc.gov,Female,Indonesia
193,Sergent,Hrycek,shrycek5c@noaa.gov,Male,Indonesia
194,Lolita,Creeber,lcreeber5d@tumblr.com,Female,China
195,Rozalie,Evitt,revitt5e@1und1.de,Female,Russia
196,Niall,Oxbrough,noxbrough5f@omniture.com,Male,China
197,Eran,Bohlmann,ebohlmann5g@twitter.com,Female,Poland
198,Wilt,Woodberry,wwoodberry5h@discuz.net,Male,Philippines
199,Man,Cockerill,mcockerill5i@51.la,Male,Peru
200,Sigfrid,Jacqueminot,sjacqueminot5j@merriam-webster.com,Male,France
201,Cobby,Lamshead,clamshead5k@telegraph.co.uk,Male,Madagascar
202,Caldwell,Chiddy,cchiddy5l@ning.com,Male,Yemen
203,Benoit,Boynton,bboynton5m@scientificamerican.com,Male,Poland
204,Dick,Mitchall,dmitchall5n@over-blog.com,Male,China
205,Nickolaus,Pedrollo,npedrollo5o@wsj.com,Male,Mongolia
206,Basilius,Parsall,bparsall5p@bandcamp.com,Male,Sweden
207,Wally,Northway,wnorthway5q@nsw.gov.au,Female,Netherlands
208,Karlens,Jales,kjales5r@wufoo.com,Male,Yemen
209,Ingrim,Efford,iefford5s@mashable.com,Male,Dominican Republic
210,Kirby,Lockney,klockney5t@auda.org.au,Male,Nigeria
211,Juditha,Fearn,jfearn5u@europa.eu,Female,Philippines
212,Byron,Teasdale,bteasdale5v@vkontakte.ru,Male,France
213,Andrej,Searsby,asearsby5w@forbes.com,Male,Chile
214,Denys,Holdin,dholdin5x@indiegogo.com,Male,Czech Republic
215,Brenna,Habbershon,bhabbershon5y@liveinternet.ru,Female,China
216,Chilton,Redsell,credsell5z@comsenz.com,Male,Panama
217,Sukey,Jerschke,sjerschke60@sohu.com,Female,Sweden
218,Dieter,Hender,dhender61@dot.gov,Male,Indonesia
219,Jeramey,Artist,jartist62@seattletimes.com,Male,Indonesia
220,Wit,Odell,wodell63@umn.edu,Male,China
221,Fair,Ommundsen,fommundsen64@discovery.com,Male,Angola
222,Kippy,Broader,kbroader65@ft.com,Male,Philippines
223,Lucas,Betz,lbetz66@de.vu,Male,Czech Republic
224,Payton,Bails,pbails67@infoseek.co.jp,Male,Germany
225,Olympe,Nuttey,onuttey68@yale.edu,Female,Honduras
226,Hilly,Barnby,hbarnby69@jigsy.com,Male,United States
227,Melli,Shear,mshear6a@japanpost.jp,Female,Sweden
228,Freddie,Cox,fcox6b@economist.com,Male,China
229,Selie,Cadge,scadge6c@blogger.com,Female,Jamaica
230,Papagena,Gilbane,pgilbane6d@bloglovin.com,Female,Argentina
231,Zebadiah,Kynd,zkynd6e@mail.ru,Male,Philippines
232,Dexter,Josefovic,djosefovic6f@taobao.com,Male,Russia
233,Milton,Viollet,mviollet6g@mysql.com,Male,Japan
234,Omero,Woloschin,owoloschin6h@mlb.com,Male,United Arab Emirates
235,Renae,Redmire,rredmire6i@networksolutions.com,Female,China
236,Sammy,Count,scount6j@dailymail.co.uk,Female,Dominican Republic
237,Oliviero,Buttress,obuttress6k@mayoclinic.com,Male,Poland
238,Aubert,Insall,ainsall6l@nifty.com,Male,Indonesia
239,Samantha,Carlson,scarlson6m@salon.com,Female,Yemen
240,Liv,Ruppele,lruppele6n@twitpic.com,Female,Indonesia
241,Fredi,Draysey,fdraysey6o@w3.org,Female,France
242,Erna,Bartholomew,ebartholomew6p@usa.gov,Female,China
243,Jerad,Ogilvy,jogilvy6q@amazon.co.uk,Male,Burundi
244,Courtenay,Vondrach,cvondrach6r@rakuten.co.jp,Female,Micronesia
245,Adan,Freezor,afreezor6s@imageshack.us,Female,Indonesia
246,Darin,Arniz,darniz6t@storify.com,Male,Spain
247,Jerri,Paydon,jpaydon6u@businessweek.com,Male,Isle of Man
248,Moishe,Brimilcombe,mbrimilcombe6v@weibo.com,Male,China
249,Lorette,Brugger,lbrugger6w@meetup.com,Female,China
250,Farrell,Bassingham,fbassingham6x@seesaa.net,Male,Russia
251,Collette,Lacky,clacky6y@intel.com,Female,China
252,Kiley,Vampouille,kvampouille6z@ifeng.com,Female,Azerbaijan
253,Brendon,Upfold,bupfold70@nyu.edu,Male,Russia
254,Melloney,Molineaux,mmolineaux71@twitter.com,Female,Russia
255,Algernon,Madsen,amadsen72@slashdot.org,Male,Portugal
256,Lin,Suche,lsuche73@msu.edu,Male,United States
257,Holmes,Huot,hhuot74@bbb.org,Male,China
258,Keane,Frood,kfrood75@xing.com,Male,Philippines
259,Agace,Streetley,astreetley76@dyndns.org,Female,Guinea-Bissau
260,Rollie,Drains,rdrains77@bigcartel.com,Male,China
261,Guenna,Stebles,gstebles78@yahoo.co.jp,Female,Vietnam
262,Angeli,Dalman,adalman79@nhs.uk,Male,Finland
263,Blondy,Girodias,bgirodias7a@ocn.ne.jp,Female,China
264,Aldon,Skechley,askechley7b@linkedin.com,Male,Russia
265,Olivie,Hodge,ohodge7c@hibu.com,Female,Norway
266,Fidelity,Coolson,fcoolson7d@dmoz.org,Female,Colombia
267,Huntley,Fritchly,hfritchly7e@marketwatch.com,Male,Indonesia
268,Opalina,Janeway,ojaneway7f@google.it,Female,Greece
269,Faye,Ciobutaru,fciobutaru7g@zdnet.com,Female,United States
270,Shaina,Wakerley,swakerley7h@businessinsider.com,Female,Poland
271,Berkeley,Eefting,beefting7i@tamu.edu,Male,China
272,Raleigh,Chavey,rchavey7j@indiatimes.com,Male,Colombia
273,Myrta,Pashley,mpashley7k@zdnet.com,Female,Philippines
274,Fraze,Oddey,foddey7l@dagondesign.com,Male,Philippines
275,Amye,Brannan,abrannan7m@wikimedia.org,Female,Colombia
276,Donalt,Inge,dinge7n@lycos.com,Male,China
277,Ave,Russi,arussi7o@walmart.com,Male,Sweden
278,Mikael,Yeeles,myeeles7p@nba.com,Male,Jordan
279,Wade,Eggins,weggins7q@networkadvertising.org,Male,Russia
280,Jenelle,Landon,jlandon7r@shinystat.com,Female,Philippines
281,Ricky,Slemming,rslemming7s@icio.us,Male,Japan
282,Granger,Goad,ggoad7t@feedburner.com,Male,China
283,Fair,Sturm,fsturm7u@dot.gov,Male,China
284,Poul,Gayforth,pgayforth7v@odnoklassniki.ru,Male,Canada
285,Luella,Deacock,ldeacock7w@shutterfly.com,Female,Mozambique
286,Libbie,Claisse,lclaisse7x@taobao.com,Female,Brazil
287,Didi,Clues,dclues7y@mayoclinic.com,Female,Philippines
288,Katrina,Poplee,kpoplee7z@scribd.com,Female,United Kingdom
289,Avery,Bausor,abausor80@geocities.com,Male,Indonesia
290,Ardath,Colwill,acolwill81@friendfeed.com,Female,China
291,Hadley,Tarling,htarling82@ucsd.edu,Male,Poland
292,Lionel,Verlinde,lverlinde83@hexun.com,Male,China
293,Shaun,Lawtey,slawtey84@go.com,Male,Serbia
294,Gabi,Cowpertwait,gcowpertwait85@upenn.edu,Female,China
295,Donnell,Danilovic,ddanilovic86@webnode.com,Male,Russia
296,Brewster,Glendining,bglendining87@un.org,Male,China
297,Vivien,Poland,vpoland88@infoseek.co.jp,Female,Russia
298,Merwyn,Voller,mvoller89@prnewswire.com,Male,Indonesia
299,Onfroi,Riggey,origgey8a@youku.com,Male,China
300,Zelma,Chason,zchason8b@instagram.com,Female,China
301,Kylie,Bouts,kbouts8c@nih.gov,Male,Indonesia
302,Clare,Willsmore,cwillsmore8d@jigsy.com,Male,Russia
303,Tedd,FitzGibbon,tfitzgibbon8e@umn.edu,Male,France
304,Brigida,Sheivels,bsheivels8f@amazon.com,Female,Armenia
305,Bobbette,Buddle,bbuddle8g@ameblo.jp,Female,Greece
306,Gwenora,Philippart,gphilippart8h@craigslist.org,Female,Brazil
307,Monique,Permain,mpermain8i@wired.com,Female,Eritrea
308,Dulcine,Canty,dcanty8j@nydailynews.com,Female,Madagascar
309,Maris,Rockwill,mrockwill8k@unblog.fr,Female,Portugal
310,Tremaine,Dabbes,tdabbes8l@cbsnews.com,Male,Greece
311,Fawn,Galea,fgalea8m@posterous.com,Female,China
312,Natka,Schwartz,nschwartz8n@ed.gov,Female,Netherlands
313,Cal,Pech,cpech8o@last.fm,Female,Philippines
314,Bernette,Lathwood,blathwood8p@redcross.org,Female,France
315,Callida,Buttress,cbuttress8q@360.cn,Female,China
316,Carey,Capes,ccapes8r@vk.com,Female,Japan
317,Henrieta,Mordecai,hmordecai8s@imageshack.us,Female,Indonesia
318,Amaleta,Swigg,aswigg8t@github.com,Female,Portugal
319,Farr,Venney,fvenney8u@example.com,Male,China
320,Delphinia,Vial,dvial8v@ebay.co.uk,Female,Philippines
321,Ashil,Ivimy,aivimy8w@microsoft.com,Female,Indonesia
322,Sidonnie,Covington,scovington8x@si.edu,Female,Yemen
323,Baldwin,Iannelli,biannelli8y@printfriendly.com,Male,Canada
324,Vincent,Fradson,vfradson8z@jugem.jp,Male,Portugal
325,Lolita,Dumsday,ldumsday90@abc.net.au,Female,Venezuela
326,Miquela,Allpress,mallpress91@ucsd.edu,Female,Belarus
327,Fern,Burehill,fburehill92@ow.ly,Female,Indonesia
328,Torrence,Jerwood,tjerwood93@diigo.com,Male,China
329,Cristionna,Phittiplace,cphittiplace94@chicagotribune.com,Female,Thailand
330,Dallas,Linnard,dlinnard95@squidoo.com,Female,Pakistan
331,Alfie,Elnaugh,aelnaugh96@phoca.cz,Female,France
332,Clary,Allcock,callcock97@domainmarket.com,Female,Russia
333,Annabelle,Staton,astaton98@usatoday.com,Female,Brazil
334,Dottie,Berkelay,dberkelay99@themeforest.net,Female,Indonesia
335,Vania,Mathew,vmathew9a@goo.gl,Female,China
336,Dannie,Andren,dandren9b@naver.com,Female,China
337,Kendrick,Titlow,ktitlow9c@prnewswire.com,Male,China
338,Chick,Licciardiello,clicciardiello9d@youtube.com,Male,Indonesia
339,Kliment,Cornejo,kcornejo9e@barnesandnoble.com,Male,Slovenia
340,Allyn,Jerrolt,ajerrolt9f@bigcartel.com,Male,Czech Republic
341,Gabi,Scargill,gscargill9g@opera.com,Male,China
342,Kurtis,Challenor,kchallenor9h@smh.com.au,Male,China
343,Agathe,McBryde,amcbryde9i@bing.com,Female,Estonia
344,Clayson,Simpson,csimpson9j@nps.gov,Male,China
345,Valerye,Grundon,vgrundon9k@jiathis.com,Female,Brazil
346,Devonne,McAlees,dmcalees9l@xrea.com,Female,Mexico
347,Milli,Conant,mconant9m@lycos.com,Female,China
348,Janeczka,Marrow,jmarrow9n@hubpages.com,Female,Vietnam
349,Odille,Bazek,obazek9o@soundcloud.com,Female,Czech Republic
350,Deirdre,McCurtin,dmccurtin9p@vinaora.com,Female,Japan
351,Angeli,Osgar,aosgar9q@weibo.com,Male,Greece
352,Milo,Chesman,mchesman9r@51.la,Male,Yemen
353,Killian,Paylor,kpaylor9s@lycos.com,Male,Iran
354,Pepillo,Kittle,pkittle9t@thetimes.co.uk,Male,China
355,Papageno,Bandiera,pbandiera9u@unc.edu,Male,Greece
356,Marlo,Schimmang,mschimmang9v@hostgator.com,Male,Cuba
357,Vladamir,Frankton,vfrankton9w@1688.com,Male,Nigeria
358,Salome,Fearnyough,sfearnyough9x@imgur.com,Female,China
359,Erasmus,Breckwell,ebreckwell9y@gov.uk,Male,Philippines
360,Leila,Igoe,ligoe9z@netvibes.com,Female,Indonesia
361,Aldin,Vooght,avooghta0@un.org,Male,Ukraine
362,Zachary,Liddel,zliddela1@goo.ne.jp,Male,Colombia
363,Cookie,Spencers,cspencersa2@mlb.com,Female,United States
364,Melli,Ogilby,mogilbya3@paypal.com,Female,Kazakhstan
365,Em,Cough,ecougha4@constantcontact.com,Female,Russia
366,Onofredo,Cota,ocotaa5@topsy.com,Male,Brazil
367,Isahella,Gowan,igowana6@ebay.co.uk,Female,Sweden
368,Rana,Beharrell,rbeharrella7@apache.org,Female,Ukraine
369,Edith,Gareisr,egareisra8@toplist.cz,Female,Poland
370,Mario,Loncaster,mloncastera9@nsw.gov.au,Male,United States
371,Betsy,Broadbridge,bbroadbridgeaa@gravatar.com,Female,Poland
372,Bar,Stanger,bstangerab@instagram.com,Male,Brazil
373,Ted,Garrals,tgarralsac@accuweather.com,Male,China
374,Pietro,Teasdale-Markie,pteasdalemarkiead@weibo.com,Male,Poland
375,Christiano,Gosby,cgosbyae@google.com.br,Male,China
376,Lynnet,Clemson,lclemsonaf@yolasite.com,Female,Russia
377,Cyndie,Pendlebury,cpendleburyag@webs.com,Female,Indonesia
378,Sileas,Meads,smeadsah@cdc.gov,Female,China
379,Geraldine,Crowest,gcrowestai@hubpages.com,Female,Argentina
380,Tonye,Mawer,tmaweraj@sfgate.com,Female,China
381,Steven,Vogele,svogeleak@friendfeed.com,Male,Brazil
382,Eugen,Andor,eandoral@purevolume.com,Male,Indonesia
383,Curcio,Dallyn,cdallynam@china.com.cn,Male,Norway
384,Rudiger,Eastway,reastwayan@va.gov,Male,China
385,Zaneta,Rosterne,zrosterneao@ca.gov,Female,Japan
386,Gregorio,Brandli,gbrandliap@mapy.cz,Male,Sri Lanka
387,Zebulen,Fenck,zfenckaq@livejournal.com,Male,France
388,Maxim,Kynson,mkynsonar@t.co,Male,China
389,August,Jeanet,ajeanetas@ovh.net,Male,Poland
390,Garrik,Timmons,gtimmonsat@newyorker.com,Male,Vietnam
391,Clim,Coupman,ccoupmanau@reference.com,Male,Canada
392,Jacobo,Eadie,jeadieav@tinyurl.com,Male,Democratic Republic of the Congo
393,Kris,Odhams,kodhamsaw@google.it,Female,Mexico
394,Myrwyn,Huison,mhuisonax@gmpg.org,Male,Croatia
395,Haley,Swanborrow,hswanborroway@chicagotribune.com,Male,Argentina
396,Lucienne,McGarry,lmcgarryaz@mozilla.com,Female,China
397,Herculie,Dickson,hdicksonb0@photobucket.com,Male,Indonesia
398,Leeann,Maffei,lmaffeib1@google.com.hk,Female,China
399,Gun,Assante,gassanteb2@washington.edu,Male,Pakistan
400,Annora,Everitt,aeverittb3@phoca.cz,Female,Russia
401,Sylas,Halloway,shallowayb4@lulu.com,Male,South Africa
402,Jephthah,Moss,jmossb5@indiatimes.com,Male,China
403,Ailene,Almeida,aalmeidab6@studiopress.com,Female,Brazil
404,Peirce,Dockrell,pdockrellb7@cpanel.net,Male,France
405,Rowan,Hackford,rhackfordb8@narod.ru,Male,China
406,Sella,Rodbourne,srodbourneb9@bbb.org,Female,China
407,Vanya,Nelsey,vnelseyba@walmart.com,Male,China
408,Guido,Dillamore,gdillamorebb@mozilla.com,Male,Philippines
409,Tulley,Hully,thullybc@cnn.com,Male,France
410,Marti,Goodbanne,mgoodbannebd@blog.com,Female,France
411,Aidan,Beel,abeelbe@wp.com,Female,Japan
412,Jennie,Laguerre,jlaguerrebf@tamu.edu,Female,China
413,Zelda,MacGragh,zmacgraghbg@va.gov,Female,China
414,Antonio,Dreschler,adreschlerbh@yahoo.com,Male,Indonesia
415,Karla,O'Doireidh,kodoireidhbi@eepurl.com,Female,Azerbaijan
416,Hilary,Starkie,hstarkiebj@aboutads.info,Male,Honduras
417,Helaine,Birkmyr,hbirkmyrbk@ebay.co.uk,Female,Japan
418,Dominick,Dur,ddurbl@mail.ru,Male,China
419,Maire,Mougenel,mmougenelbm@cdbaby.com,Female,Macedonia
420,Ivette,Adam,iadambn@dailymotion.com,Female,Brazil
421,Orville,Swarbrick,oswarbrickbo@networkadvertising.org,Male,Palestinian Territory
422,Zechariah,Pleven,zplevenbp@bing.com,Male,Brazil
423,Shea,Madsen,smadsenbq@soup.io,Female,Slovenia
424,Brigitta,Barreau,bbarreaubr@miitbeian.gov.cn,Female,China
425,Skell,Biddell,sbiddellbs@ifeng.com,Male,Belarus
426,Berke,Keymer,bkeymerbt@zimbio.com,Male,China
427,Georgena,Stollwerck,gstollwerckbu@tinyurl.com,Female,Russia
428,Carlos,Bleesing,cbleesingbv@xrea.com,Male,Malaysia
429,Port,Van Arsdall,pvanarsdallbw@myspace.com,Male,Ukraine
430,Theobald,Bragger,tbraggerbx@oakley.com,Male,Portugal
431,Gabbie,Mathivet,gmathivetby@eepurl.com,Male,China
432,Anthe,Reynoldson,areynoldsonbz@pen.io,Female,China
433,Jerome,Udall,judallc0@berkeley.edu,Male,China
434,Garrek,Herreran,gherreranc1@alexa.com,Male,China
435,Demott,Jaye,djayec2@miitbeian.gov.cn,Male,Bangladesh
436,Barri,Liddel,bliddelc3@theatlantic.com,Male,China
437,Belvia,Sprankling,bspranklingc4@domainmarket.com,Female,Sweden
438,Brendis,Sandes,bsandesc5@icio.us,Male,Slovenia
439,Petrina,Thackwray,pthackwrayc6@tmall.com,Female,Burundi
440,Onfre,Bartozzi,obartozzic7@t.co,Male,Vietnam
441,Rickey,Chesworth,rchesworthc8@ebay.com,Male,Indonesia
442,Shell,Redier,sredierc9@vimeo.com,Male,Brazil
443,Megan,Pilfold,mpilfoldca@cbc.ca,Female,Indonesia
444,Tim,Headech,theadechcb@nps.gov,Female,Portugal
445,Eleonora,Fishby,efishbycc@angelfire.com,Female,Philippines
446,Durante,Rubra,drubracd@kickstarter.com,Male,Brazil
447,Emelen,Churchward,echurchwardce@w3.org,Male,China
448,Leontine,Flipsen,lflipsencf@home.pl,Female,Indonesia
449,Denna,Lazell,dlazellcg@ocn.ne.jp,Female,Norway
450,Ronny,Hammarberg,rhammarbergch@oracle.com,Male,South Korea
451,Lea,Tremollet,ltremolletci@alexa.com,Female,Honduras
452,Shawn,De la Perrelle,sdelaperrellecj@techcrunch.com,Female,Albania
453,Con,Klosser,cklosserck@umich.edu,Male,Croatia
454,Lauryn,Riggs,lriggscl@histats.com,Female,Indonesia
455,Briney,Easeman,beasemancm@npr.org,Female,Sweden
456,Alix,Filipiak,afilipiakcn@icio.us,Female,Indonesia
457,Bernita,Olivia,boliviaco@tripadvisor.com,Female,Finland
458,Letizia,Pinches,lpinchescp@macromedia.com,Female,Georgia
459,Agustin,Corpe,acorpecq@reference.com,Male,Poland
460,Kingsley,Jewiss,kjewisscr@bizjournals.com,Male,Philippines
461,Raquela,Rhodef,rrhodefcs@webeden.co.uk,Female,Czech Republic
462,Nobie,Jewess,njewessct@stanford.edu,Male,Sweden
463,Thaddus,Harman,tharmancu@webeden.co.uk,Male,Argentina
464,Eunice,Marfield,emarfieldcv@jiathis.com,Female,Indonesia
465,Delmor,Chaikovski,dchaikovskicw@angelfire.com,Male,Germany
466,Polly,Ambroziak,pambroziakcx@google.pl,Female,Indonesia
467,Basia,Fromant,bfromantcy@mit.edu,Female,Nigeria
468,Claudell,Calow,ccalowcz@yellowbook.com,Male,Thailand
469,Herculie,Rosenboim,hrosenboimd0@zdnet.com,Male,Belarus
470,Mary,Crollman,mcrollmand1@ameblo.jp,Female,Portugal
471,Gasper,Hryncewicz,ghryncewiczd2@mysql.com,Male,China
472,Dennet,Hazle,dhazled3@barnesandnoble.com,Male,Chad
473,Corty,Qualtrough,cqualtroughd4@gnu.org,Male,China
474,Gothart,Claye,gclayed5@flavors.me,Male,Philippines
475,Jeromy,Node,jnoded6@craigslist.org,Male,China
476,Luce,Graffham,lgraffhamd7@woothemes.com,Female,South Sudan
477,Reynard,Endricci,rendriccid8@abc.net.au,Male,Indonesia
478,Kevan,Bawme,kbawmed9@networkadvertising.org,Male,China
479,Germain,Blazi,gblazida@amazon.co.jp,Male,Canada
480,Dollie,Magrannell,dmagrannelldb@edublogs.org,Female,Sweden
481,Lucina,Napier,lnapierdc@businessinsider.com,Female,Philippines
482,Tomas,Todari,ttodaridd@squarespace.com,Male,Philippines
483,Ashien,Soame,asoamede@reuters.com,Female,Panama
484,Andonis,Dilger,adilgerdf@seattletimes.com,Male,Indonesia
485,Brion,De Meis,bdemeisdg@state.tx.us,Male,China
486,Leesa,Warn,lwarndh@wix.com,Female,Russia
487,Elberta,McCaig,emccaigdi@blinklist.com,Female,China
488,Darlene,Leese,dleesedj@sohu.com,Female,Russia
489,Batholomew,Beckley,bbeckleydk@example.com,Male,Kazakhstan
490,Berenice,Worcs,bworcsdl@photobucket.com,Female,Greece
491,Nyssa,Clutram,nclutramdm@dagondesign.com,Female,Russia
492,Aurea,Hoofe,ahoofedn@jalbum.net,Female,Russia
493,Thorny,Samples,tsamplesdo@berkeley.edu,Male,China
494,Sarah,Vassbender,svassbenderdp@studiopress.com,Female,Portugal
495,Tann,Brandi,tbrandidq@berkeley.edu,Male,Brazil
496,Derk,Tarn,dtarndr@pbs.org,Male,Belgium
497,Margy,Champken,mchampkends@ameblo.jp,Female,Indonesia
498,Merwin,Lantuffe,mlantuffedt@chicagotribune.com,Male,France
499,Silvana,Brandon,sbrandondu@buzzfeed.com,Female,China
500,Padget,McInteer,pmcinteerdv@nytimes.com,Male,Portugal
501,Jareb,Raccio,jracciodw@hostgator.com,Male,Afghanistan
502,Brockie,Marrows,bmarrowsdx@pinterest.com,Male,China
503,Annabela,Edlyne,aedlynedy@elegantthemes.com,Female,Indonesia
504,Vern,Bloxsom,vbloxsomdz@sciencedirect.com,Male,Russia
505,Collete,Ramel,cramele0@harvard.edu,Female,Indonesia
506,Aleen,Sherreard,asherrearde1@homestead.com,Female,Poland
507,Jephthah,Quick,jquicke2@yahoo.co.jp,Male,Czech Republic
508,Christean,Burless,cburlesse3@rambler.ru,Female,China
509,Halsy,Eirwin,heirwine4@is.gd,Male,China
510,Paddy,Cardis,pcardise5@furl.net,Male,El Salvador
511,Hernando,Thebes,hthebese6@sbwire.com,Male,Tanzania
512,Randi,Ateridge,rateridgee7@sohu.com,Male,Portugal
513,Gail,Ethridge,gethridgee8@twitter.com,Male,China
514,Cam,Barstowk,cbarstowke9@marriott.com,Female,Portugal
515,Tiphani,Foord,tfoordea@globo.com,Female,China
516,Emmy,Shere,eshereeb@shinystat.com,Female,Greece
517,Shalom,Sinisbury,ssinisburyec@usgs.gov,Male,Greece
518,Mordy,Indgs,mindgsed@bing.com,Male,China
519,Charleen,Cavee,ccaveeee@goodreads.com,Female,Indonesia
520,Parry,Balderson,pbaldersonef@amazon.co.jp,Male,Greece
521,Darelle,Pohling,dpohlingeg@uol.com.br,Female,Japan
522,Kermie,Lindl,klindleh@time.com,Male,China
523,Jaymie,Wrigglesworth,jwrigglesworthei@mapquest.com,Male,China
524,Tiler,Corbett,tcorbettej@bloomberg.com,Male,Mongolia
525,Mair,Storks,mstorksek@mit.edu,Female,Yemen
526,Alden,Jowling,ajowlingel@sitemeter.com,Male,China
527,Karry,Willars,kwillarsem@networkadvertising.org,Female,Sudan
528,Brett,Marciskewski,bmarciskewskien@skype.com,Male,Niger
529,Chloris,Stoodale,cstoodaleeo@hugedomains.com,Female,Austria
530,Vincenz,Phipard-Shears,vphipardshearsep@wikispaces.com,Male,China
531,Agretha,Whitehead,awhiteheadeq@desdev.cn,Female,Honduras
532,Shell,Stockings,sstockingser@wiley.com,Female,Cameroon
533,Vittoria,O'Geaney,vogeaneyes@mashable.com,Female,Yemen
534,Annalee,Tallyn,atallynet@meetup.com,Female,Indonesia
535,Quint,Laguerre,qlaguerreeu@jalbum.net,Male,South Korea
536,Karita,Warton,kwartonev@buzzfeed.com,Female,Iran
537,Selby,Bolf,sbolfew@narod.ru,Male,Colombia
538,Doralynne,Bozier,dbozierex@drupal.org,Female,United States
539,Ty,McElvine,tmcelvineey@mapy.cz,Male,France
540,Cosimo,Bertome,cbertomeez@mit.edu,Male,Albania
541,Abdel,De Roberto,aderobertof0@wix.com,Male,China
542,Cyril,Fittes,cfittesf1@opera.com,Male,Mongolia
543,Emmalynn,Steptowe,esteptowef2@bandcamp.com,Female,China
544,Stirling,Trahar,straharf3@webnode.com,Male,China
545,Burtie,Clausen-Thue,bclausenthuef4@google.de,Male,Philippines
546,Minor,Blyth,mblythf5@indiatimes.com,Male,Canada
547,Emmalee,Soughton,esoughtonf6@usnews.com,Female,Brazil
548,Kippie,Shaves,kshavesf7@technorati.com,Male,Indonesia
549,Lindy,Arnau,larnauf8@lulu.com,Male,China
550,Carlen,Izard,cizardf9@cpanel.net,Female,Pakistan
551,Sheri,Janata,sjanatafa@msu.edu,Female,China
552,Micheil,Oboy,moboyfb@netvibes.com,Male,Greece
553,Issi,Thompkins,ithompkinsfc@example.com,Female,United States
554,Dallas,McLachlan,dmclachlanfd@constantcontact.com,Female,France
555,Lulita,Byrkmyr,lbyrkmyrfe@pagesperso-orange.fr,Female,France
556,Ethelin,Liddall,eliddallff@bluehost.com,Female,Czech Republic
557,Verina,Sloat,vsloatfg@msn.com,Female,China
558,Beryl,Cullabine,bcullabinefh@w3.org,Female,China
559,Ange,McDougald,amcdougaldfi@redcross.org,Male,China
560,Wernher,Lowten,wlowtenfj@macromedia.com,Male,Russia
561,Tomlin,Late,tlatefk@github.io,Male,Greece
562,Arron,Dericut,adericutfl@imdb.com,Male,France
563,Amanda,Getch,agetchfm@networksolutions.com,Female,Russia
564,Bertrando,Livesley,blivesleyfn@wikimedia.org,Male,Sweden
565,Caleb,Acory,cacoryfo@timesonline.co.uk,Male,United States
566,Pen,Pirrone,ppirronefp@taobao.com,Male,Czech Republic
567,Goraud,Tolcharde,gtolchardefq@furl.net,Male,Mexico
568,Shaw,Ughetti,sughettifr@merriam-webster.com,Male,Mongolia
569,Nikolas,Wegner,nwegnerfs@over-blog.com,Male,Armenia
570,Stephannie,Glanfield,sglanfieldft@ezinearticles.com,Female,China
571,Alice,Kloster,aklosterfu@is.gd,Female,China
572,Milty,Whitecross,mwhitecrossfv@gov.uk,Male,Indonesia
573,Sergei,Selesnick,sselesnickfw@google.nl,Male,Brazil
574,Ali,Brazil,abrazilfx@cnbc.com,Male,China
575,Iseabal,Morgon,imorgonfy@nifty.com,Female,China
576,Brose,Jose,bjosefz@amazon.com,Male,Ukraine
577,Donny,Ferrai,dferraig0@yellowpages.com,Male,China
578,Neddy,Bruggen,nbruggeng1@noaa.gov,Male,Russia
579,Latrena,Fawthrop,lfawthropg2@soup.io,Female,Indonesia
580,Peyton,Cantos,pcantosg3@adobe.com,Male,Russia
581,Erma,Crotty,ecrottyg4@free.fr,Female,China
582,Gabriele,Measen,gmeaseng5@phpbb.com,Male,Indonesia
583,Kermit,Custance,kcustanceg6@oakley.com,Male,Mexico
584,Clarissa,Keighley,ckeighleyg7@artisteer.com,Female,Indonesia
585,Field,Warrender,fwarrenderg8@topsy.com,Male,Palestinian Territory
586,Tallie,Hadwin,thadwing9@nsw.gov.au,Female,Japan
587,Katey,Vain,kvainga@lulu.com,Female,Finland
588,Boyd,Sammut,bsammutgb@latimes.com,Male,Yemen
589,Carmelia,Carillo,ccarillogc@google.ca,Female,Philippines
590,Erinna,Potte,epottegd@a8.net,Female,Russia
591,Lionello,Bartlosz,lbartloszge@vistaprint.com,Male,France
592,Saidee,Shory,sshorygf@soundcloud.com,Female,Finland
593,Marita,Imeson,mimesongg@examiner.com,Female,China
594,Eden,Braddon,ebraddongh@storify.com,Female,Philippines
595,Kristina,Beedom,kbeedomgi@mediafire.com,Female,China
596,Ronnie,Grason,rgrasongj@zimbio.com,Female,Guatemala
597,Neddie,Rickeard,nrickeardgk@phpbb.com,Male,Colombia
598,Thor,Arons,taronsgl@github.com,Male,Philippines
599,Kelvin,Wolfer,kwolfergm@marketwatch.com,Male,Philippines
600,Andromache,Crann,acranngn@aol.com,Female,Brazil
601,Edwina,Scotchmor,escotchmorgo@xrea.com,Female,Russia
602,Evangeline,Gontier,egontiergp@google.ru,Female,Venezuela
603,Correy,Tattershaw,ctattershawgq@icq.com,Female,Russia
604,Rene,Warkup,rwarkupgr@sina.com.cn,Male,Morocco
605,Rolfe,Bleeze,rbleezegs@ehow.com,Male,Palestinian Territory
606,Mercy,Longmire,mlongmiregt@desdev.cn,Female,Brazil
607,Elenore,Ciric,eciricgu@apache.org,Female,China
608,Pepi,Pentony,ppentonygv@ebay.com,Female,Thailand
609,Henderson,Sleightholm,hsleightholmgw@pen.io,Male,China
610,Lynnet,Brisland,lbrislandgx@sakura.ne.jp,Female,United States
611,Donnell,Fidelus,dfidelusgy@alexa.com,Male,Indonesia
612,Cinda,Cliffe,ccliffegz@webs.com,Female,Tajikistan
613,Fidelio,Cuerdall,fcuerdallh0@unc.edu,Male,Brazil
614,Dulci,Lovie,dlovieh1@altervista.org,Female,Portugal
615,Kaleb,Knowler,kknowlerh2@msn.com,Male,China
616,Bradly,Varnes,bvarnesh3@jalbum.net,Male,Mauritius
617,Bidget,Ashmole,bashmoleh4@tinypic.com,Female,Indonesia
618,Rhys,Strangward,rstrangwardh5@feedburner.com,Male,China
619,Roscoe,Iley,rileyh6@slate.com,Male,France
620,Louie,Langelay,llangelayh7@biglobe.ne.jp,Male,France
621,Seymour,Huws,shuwsh8@163.com,Male,China
622,Norris,Perillo,nperilloh9@goo.ne.jp,Male,Indonesia
623,Townie,Gillease,tgilleaseha@altervista.org,Male,Russia
624,Carol-jean,Craddy,ccraddyhb@cornell.edu,Female,Greece
625,Staford,Hrishanok,shrishanokhc@mashable.com,Male,Greece
626,Dru,Bellas,dbellashd@indiegogo.com,Male,Indonesia
627,Rowney,Ramard,rramardhe@ebay.com,Male,China
628,Meris,Mowatt,mmowatthf@drupal.org,Female,Indonesia
629,Lelah,Snawden,lsnawdenhg@dot.gov,Female,China
630,Jenelle,Spilling,jspillinghh@uiuc.edu,Female,Philippines
631,Isa,Lemmers,ilemmershi@mozilla.com,Male,China
632,Caye,Gwyn,cgwynhj@eventbrite.com,Female,North Korea
633,Benedicto,Goldingay,bgoldingayhk@de.vu,Male,Portugal
634,Lisetta,Hyde,lhydehl@go.com,Female,Colombia
635,Calida,Eddison,ceddisonhm@vinaora.com,Female,Philippines
636,Tonia,Cicetti,tcicettihn@github.io,Female,China
637,Leonelle,Saiger,lsaigerho@furl.net,Female,Malaysia
638,Arlyne,Pointon,apointonhp@blogspot.com,Female,China
639,Danika,Molian,dmolianhq@webs.com,Female,France
640,Corrianne,Tschierasche,ctschieraschehr@tinypic.com,Female,Argentina
641,Eduardo,Lentsch,elentschhs@google.co.uk,Male,Norway
642,Aida,Forshaw,aforshawht@prnewswire.com,Female,Philippines
643,Chariot,Tomankiewicz,ctomankiewiczhu@washingtonpost.com,Male,Guinea
644,Antoni,Broxis,abroxishv@weibo.com,Male,China
645,Zackariah,Mundwell,zmundwellhw@zimbio.com,Male,Botswana
646,Van,Chapell,vchapellhx@liveinternet.ru,Male,Dominican Republic
647,Howey,Birtwell,hbirtwellhy@zimbio.com,Male,France
648,Emogene,Bodham,ebodhamhz@mozilla.com,Female,China
649,Edee,Turl,eturli0@huffingtonpost.com,Female,Mongolia
650,Harlie,Samett,hsametti1@java.com,Female,Indonesia
651,Janina,Lucus,jlucusi2@sitemeter.com,Female,Ukraine
652,Ransell,Haine,rhainei3@ycombinator.com,Male,Philippines
653,Orel,Pedley,opedleyi4@alexa.com,Female,China
654,Adele,Maciocia,amaciociai5@hubpages.com,Female,Thailand
655,Thorn,Wreford,twrefordi6@hatena.ne.jp,Male,Sweden
656,Leoline,Birtwistle,lbirtwistlei7@jugem.jp,Female,China
657,Dulcinea,Caselick,dcaselicki8@intel.com,Female,Russia
658,Glory,Galtone,ggaltonei9@oracle.com,Female,Ethiopia
659,Raeann,Sly,rslyia@comcast.net,Female,China
660,Bridie,Amyes,bamyesib@elegantthemes.com,Female,Poland
661,Bailie,Cottier,bcottieric@hexun.com,Male,Brazil
662,Emlyn,Brawson,ebrawsonid@patch.com,Male,China
663,Harriott,Mealham,hmealhamie@msn.com,Female,Honduras
664,Therese,Dennerley,tdennerleyif@aol.com,Female,Austria
665,Yasmin,Stubbins,ystubbinsig@wikispaces.com,Female,Brazil
666,Catlaina,Hewlings,chewlingsih@ebay.com,Female,Greece
667,Harriet,Bamfield,hbamfieldii@barnesandnoble.com,Female,Peru
668,Edi,McGilvra,emcgilvraij@businessinsider.com,Female,Syria
669,Axel,Gallico,agallicoik@vkontakte.ru,Male,Thailand
670,Courtnay,Brahmer,cbrahmeril@blog.com,Male,Indonesia
671,Lina,de Quesne,ldequesneim@nature.com,Female,United States
672,Meredith,Kirrage,mkirragein@mlb.com,Female,Slovenia
673,Dwayne,Aldwick,daldwickio@dell.com,Male,China
674,Regine,Kenrat,rkenratip@telegraph.co.uk,Female,Ireland
675,Rudie,Skinn,rskinniq@bbb.org,Male,Morocco
676,Woody,Scanlin,wscanlinir@last.fm,Male,Thailand
677,Frederigo,Christene,fchristeneis@chronoengine.com,Male,Philippines
678,Bartholomeus,Rushe,brusheit@bandcamp.com,Male,Portugal
679,Rowen,Atte-Stone,rattestoneiu@wix.com,Male,Malaysia
680,Alexander,Sturridge,asturridgeiv@weibo.com,Male,Honduras
681,Renae,McCloy,rmccloyiw@netvibes.com,Female,China
682,Todd,Rickford,trickfordix@springer.com,Male,Jordan
683,Celestyn,McGilvary,cmcgilvaryiy@eepurl.com,Female,Indonesia
684,Joeann,Lowson,jlowsoniz@themeforest.net,Female,China
685,Vevay,Milland,vmillandj0@plala.or.jp,Female,China
686,Quentin,Zamudio,qzamudioj1@webnode.com,Female,Indonesia
687,Bette-ann,Sweed,bsweedj2@cbslocal.com,Female,Peru
688,Sven,Bertin,sbertinj3@meetup.com,Male,Honduras
689,Fayth,Garlee,fgarleej4@craigslist.org,Female,Russia
690,El,Robotham,erobothamj5@scientificamerican.com,Male,Ivory Coast
691,Kristine,Rae,kraej6@patch.com,Female,Philippines
692,Beaufort,McCue,bmccuej7@imageshack.us,Male,China
693,Salim,Ive,sivej8@e-recht24.de,Male,Palestinian Territory
694,Webster,Tinman,wtinmanj9@google.ca,Male,Thailand
695,Karalee,Sybe,ksybeja@army.mil,Female,China
696,Gideon,Vodden,gvoddenjb@tiny.cc,Male,Philippines
697,Truda,Le Grove,tlegrovejc@archive.org,Female,Thailand
698,Odette,Becconsall,obecconsalljd@altervista.org,Female,Czech Republic
699,Delainey,Alwell,dalwellje@amazon.co.uk,Male,Argentina
700,Cathi,Connealy,cconnealyjf@msu.edu,Female,Morocco
701,Rey,Donn,rdonnjg@rediff.com,Male,Croatia
702,Stanton,Alsop,salsopjh@reference.com,Male,China
703,Gallard,Foord,gfoordji@nyu.edu,Male,Indonesia
704,Opalina,Lincey,olinceyjj@unblog.fr,Female,China
705,Vladamir,Lehr,vlehrjk@ted.com,Male,China
706,Xenia,Bonifacio,xbonifaciojl@mit.edu,Female,Russia
707,Gertrud,Clissell,gclisselljm@macromedia.com,Female,Philippines
708,Leah,Bredgeland,lbredgelandjn@state.gov,Female,Indonesia
709,Aldous,Ledford,aledfordjo@disqus.com,Male,Poland
710,Ed,Brummell,ebrummelljp@mozilla.org,Male,United States
711,Gabie,Chapling,gchaplingjq@instagram.com,Female,Uruguay
712,Roana,Curmi,rcurmijr@amazon.co.jp,Female,Gabon
713,Michael,Winscom,mwinscomjs@cbc.ca,Male,Portugal
714,Chalmers,Harmon,charmonjt@gizmodo.com,Male,Indonesia
715,Jaquelin,Ezele,jezeleju@diigo.com,Female,Indonesia
716,Roy,Clowley,rclowleyjv@reference.com,Male,Bolivia
717,Aubree,Wilbore,awilborejw@soup.io,Female,Philippines
718,Edith,Escudier,eescudierjx@who.int,Female,Vietnam
719,Kirstyn,Standen,kstandenjy@netvibes.com,Female,Philippines
720,Von,Parell,vparelljz@nasa.gov,Male,Sierra Leone
721,Cariotta,McCathay,cmccathayk0@shinystat.com,Female,Colombia
722,Melinde,Reary,mrearyk1@nih.gov,Female,Indonesia
723,Marylee,Aime,maimek2@theguardian.com,Female,Pakistan
724,Philbert,Dudson,pdudsonk3@guardian.co.uk,Male,Latvia
725,Karlen,Cornier,kcornierk4@so-net.ne.jp,Female,Philippines
726,Julee,Struys,jstruysk5@sourceforge.net,Female,Sweden
727,Georgiana,Greatbank,ggreatbankk6@forbes.com,Female,China
728,Beaufort,Potts,bpottsk7@cbslocal.com,Male,Czech Republic
729,Eddie,Kielty,ekieltyk8@amazonaws.com,Female,Macedonia
730,Ethelda,Dansken,edanskenk9@chron.com,Female,Finland
731,Yorke,Waplinton,ywaplintonka@github.io,Male,Russia
732,Roanna,Bosanko,rbosankokb@webmd.com,Female,China
733,Breena,Hammerman,bhammermankc@netvibes.com,Female,United States
734,Giustino,Ronald,gronaldkd@hubpages.com,Male,Canada
735,Amara,Capaldi,acapaldike@cnbc.com,Female,China
736,Sharai,Huortic,shuortickf@mail.ru,Female,China
737,Golda,Toll,gtollkg@washingtonpost.com,Female,Angola
738,Delphine,Saltmarshe,dsaltmarshekh@ucoz.com,Female,China
739,Janene,McKue,jmckueki@mac.com,Female,Colombia
740,Karoly,Goaley,kgoaleykj@cpanel.net,Male,Russia
741,Kevin,Stemson,kstemsonkk@mashable.com,Male,Vietnam
742,Dannie,Clemmow,dclemmowkl@ox.ac.uk,Male,Philippines
743,Perry,Adamsky,padamskykm@msu.edu,Female,China
744,Temp,Wem,twemkn@disqus.com,Male,Finland
745,Shelia,Ralph,sralphko@google.co.jp,Female,China
746,Lars,Spring,lspringkp@360.cn,Male,Peru
747,Regen,Drayson,rdraysonkq@is.gd,Male,United States
748,Terra,Gravestone,tgravestonekr@squidoo.com,Female,China
749,Josh,Gorbell,jgorbellks@google.cn,Male,Djibouti
750,Karlotta,Brikner,kbriknerkt@gnu.org,Female,Brazil
751,Jaymie,Maccaig,jmaccaigku@patch.com,Male,Croatia
752,Ingrid,MacGorrie,imacgorriekv@qq.com,Female,Portugal
753,Augusto,Lindelof,alindelofkw@nasa.gov,Male,Russia
754,Caren,Lambin,clambinkx@paypal.com,Female,Bangladesh
755,Lon,Thrush,lthrushky@nbcnews.com,Male,France
756,Leela,Ellif,lellifkz@livejournal.com,Female,Afghanistan
757,Nelly,Fillery,nfilleryl0@opera.com,Female,Kazakhstan
758,Margareta,McGaffey,mmcgaffeyl1@adobe.com,Female,Greece
759,Loy,Sautter,lsautterl2@theglobeandmail.com,Male,Colombia
760,Katerina,Impy,kimpyl3@slate.com,Female,United Kingdom
761,Alma,O'Doireidh,aodoireidhl4@psu.edu,Female,Kosovo
762,Kristine,Filipov,kfilipovl5@senate.gov,Female,China
763,Elmore,Prate,epratel6@va.gov,Male,Yemen
764,Cord,Tiley,ctileyl7@chron.com,Male,Indonesia
765,Javier,Schubart,jschubartl8@intel.com,Male,Tajikistan
766,Norina,Suller,nsullerl9@netscape.com,Female,Indonesia
767,Don,Masedon,dmasedonla@state.tx.us,Male,Colombia
768,Bria,Wimbush,bwimbushlb@uiuc.edu,Female,Japan
769,Marin,Caramuscia,mcaramuscialc@wisc.edu,Female,Japan
770,Leontyne,Rojel,lrojelld@si.edu,Female,China
771,Julianna,Collings,jcollingsle@e-recht24.de,Female,Russia
772,Thomas,Elphinstone,telphinstonelf@unicef.org,Male,Togo
773,Evangeline,Bernadzki,ebernadzkilg@apple.com,Female,Ethiopia
774,Malanie,Randerson,mrandersonlh@blogs.com,Female,Peru
775,Angel,Gomm,agommli@tuttocitta.it,Female,United States
776,Florry,Chsteney,fchsteneylj@wunderground.com,Female,Philippines
777,Shurwood,McLoney,smcloneylk@usda.gov,Male,Nigeria
778,Candis,Emmett,cemmettll@fastcompany.com,Female,Japan
779,Garland,McJarrow,gmcjarrowlm@studiopress.com,Female,Latvia
780,Bobine,Riehm,briehmln@pinterest.com,Female,Philippines
781,Keely,Christal,kchristallo@imageshack.us,Female,Brazil
782,Viva,Booler,vboolerlp@discovery.com,Female,Peru
783,Lynnea,Quirke,lquirkelq@ifeng.com,Female,Portugal
784,Che,Halsall,chalsalllr@nasa.gov,Male,Cambodia
785,Cissy,Moncrieffe,cmoncrieffels@home.pl,Female,Philippines
786,Penelope,Purves,ppurveslt@mozilla.org,Female,China
787,Heath,Arnaldy,harnaldylu@answers.com,Male,China
788,Gib,Smickle,gsmicklelv@nbcnews.com,Male,Philippines
789,Karney,Quiney,kquineylw@squarespace.com,Male,Morocco
790,Malachi,Greedyer,mgreedyerlx@instagram.com,Male,Indonesia
791,Lucia,Leser,lleserly@usa.gov,Female,Ukraine
792,Lon,Tidman,ltidmanlz@samsung.com,Male,Peru
793,Andie,Haswall,ahaswallm0@unicef.org,Male,China
794,Sharlene,Hamsley,shamsleym1@wp.com,Female,Sweden
795,Winfred,Shottin,wshottinm2@xing.com,Male,China
796,Jonah,Spikeings,jspikeingsm3@yellowpages.com,Male,France
797,Joey,Laird-Craig,jlairdcraigm4@wisc.edu,Female,Japan
798,Idalia,Quinney,iquinneym5@nba.com,Female,Palestinian Territory
799,Gan,Prettejohns,gprettejohnsm6@nature.com,Male,Indonesia
800,Ulrick,Lidgely,ulidgelym7@sakura.ne.jp,Male,Russia
801,Audra,Anetts,aanettsm8@1und1.de,Female,Brazil
802,Gunilla,Almak,galmakm9@prweb.com,Female,Philippines
803,Fin,Ingraham,fingrahamma@4shared.com,Male,Italy
804,Carol-jean,Zanolli,czanollimb@paypal.com,Female,Poland
805,Worden,Saint,wsaintmc@histats.com,Male,Japan
806,Mercedes,Godfray,mgodfraymd@cnbc.com,Female,Czech Republic
807,Donnie,Mewe,dmeweme@ucla.edu,Male,Mongolia
808,Luce,Yter,lytermf@pcworld.com,Female,Czech Republic
809,Angel,Perle,aperlemg@netlog.com,Male,Philippines
810,Winthrop,Richfield,wrichfieldmh@yellowbook.com,Male,Indonesia
811,Glenine,Norcliffe,gnorcliffemi@wikispaces.com,Female,Belarus
812,Shari,Pinnocke,spinnockemj@engadget.com,Female,Mongolia
813,Isabella,Frame,iframemk@dyndns.org,Female,Russia
814,Chad,Ferrieres,cferrieresml@mediafire.com,Male,Indonesia
815,Violante,Guyet,vguyetmm@ucsd.edu,Female,Syria
816,Andre,Trevithick,atrevithickmn@earthlink.net,Male,Portugal
817,Nigel,Carneck,ncarneckmo@booking.com,Male,Greece
818,Clemens,Lomax,clomaxmp@cmu.edu,Male,China
819,Winthrop,Gallamore,wgallamoremq@telegraph.co.uk,Male,Poland
820,Filbert,Doleman,fdolemanmr@apache.org,Male,Morocco
821,Garth,Pardy,gpardyms@eepurl.com,Male,Sweden
822,Malinda,Chaldecott,mchaldecottmt@admin.ch,Female,Indonesia
823,Esther,Tarquinio,etarquiniomu@twitter.com,Female,Poland
824,Falito,Shower,fshowermv@prlog.org,Male,China
825,Kessiah,Ashard,kashardmw@zimbio.com,Female,Poland
826,Diane,Sowersby,dsowersbymx@mapy.cz,Female,Yemen
827,Lorri,Hanbury,lhanburymy@tiny.cc,Female,China
828,Siouxie,Bramelt,sbrameltmz@tinypic.com,Female,Japan
829,Pincas,Ingon,pingonn0@dailymotion.com,Male,Sweden
830,Dana,Sargeaunt,dsargeauntn1@blogspot.com,Female,Afghanistan
831,Aretha,Shotboult,ashotboultn2@economist.com,Female,Canada
832,Dolph,Attard,dattardn3@drupal.org,Male,Afghanistan
833,Janeva,Dewick,jdewickn4@cdc.gov,Female,Indonesia
834,Farris,Raubenheimers,fraubenheimersn5@cdc.gov,Male,Cambodia
835,Marya,Ebbotts,mebbottsn6@geocities.jp,Female,Czech Republic
836,Vikki,Pales,vpalesn7@webmd.com,Female,Canada
837,Drugi,Foker,dfokern8@latimes.com,Male,Brazil
838,Jeanne,Chewter,jchewtern9@ameblo.jp,Female,China
839,Elvyn,Gottschalk,egottschalkna@va.gov,Male,Indonesia
840,Debee,Cumbes,dcumbesnb@vk.com,Female,Armenia
841,Karl,Warboy,kwarboync@opera.com,Male,Oman
842,Chelsey,Aguilar,caguilarnd@cbsnews.com,Female,Indonesia
843,Saundra,Ganny,sgannyne@furl.net,Female,Indonesia
844,Candra,Healey,chealeynf@1688.com,Female,Armenia
845,Meridel,Duns,mdunsng@xing.com,Female,Portugal
846,Goldarina,Rivard,grivardnh@nature.com,Female,Mongolia
847,Jerad,Scholtz,jscholtzni@house.gov,Male,Estonia
848,Virgina,Sircombe,vsircombenj@admin.ch,Female,Croatia
849,Elroy,Beeres,ebeeresnk@vinaora.com,Male,China
850,Johannes,Spykings,jspykingsnl@foxnews.com,Male,Japan
851,Allyn,Goodridge,agoodridgenm@reverbnation.com,Female,Indonesia
852,Merrily,Linning,mlinningnn@google.nl,Female,Malaysia
853,Thekla,Beeze,tbeezeno@ft.com,Female,Vietnam
854,Kiri,Fludgate,kfludgatenp@cnbc.com,Female,Poland
855,Kyle,Tall,ktallnq@msn.com,Female,South Africa
856,Jayme,Venney,jvenneynr@hp.com,Male,Philippines
857,Hobart,Stamps,hstampsns@amazon.co.uk,Male,Czech Republic
858,Tonye,Essex,tessexnt@princeton.edu,Female,Ukraine
859,Gaultiero,Firsby,gfirsbynu@google.com.au,Male,China
860,Christoforo,Mousby,cmousbynv@tripadvisor.com,Male,Poland
861,Ira,Delbergue,idelberguenw@bloglines.com,Female,France
862,Callie,Probert,cprobertnx@cdbaby.com,Female,China
863,Nadya,Beardwood,nbeardwoodny@mail.ru,Female,Vietnam
864,Berni,Chinnery,bchinnerynz@mtv.com,Female,France
865,Ardisj,Spieght,aspieghto0@nydailynews.com,Female,Sweden
866,Anastasie,Boneham,abonehamo1@wikispaces.com,Female,Czech Republic
867,Manfred,Eannetta,meannettao2@mediafire.com,Male,Sweden
868,Nicki,Crome,ncromeo3@economist.com,Female,Mauritius
869,Caesar,Diss,cdisso4@flavors.me,Male,Philippines
870,Chalmers,Drivers,cdriverso5@scribd.com,Male,Canada
871,Hillie,Giannini,hgianninio6@nih.gov,Male,Brazil
872,Alexander,Mattioni,amattionio7@loc.gov,Male,Iran
873,Guglielma,Braisher,gbraishero8@purevolume.com,Female,Indonesia
874,Bryna,Linay,blinayo9@berkeley.edu,Female,Indonesia
875,Sara-ann,Yeatman,syeatmanoa@yahoo.com,Female,Ukraine
876,Celestina,Fowles,cfowlesob@linkedin.com,Female,Philippines
877,Charita,Philpots,cphilpotsoc@so-net.ne.jp,Female,France
878,Trixie,Bedlington,tbedlingtonod@networkadvertising.org,Female,Egypt
879,Bernhard,Olech,bolechoe@intel.com,Male,United States
880,Dot,Collingham,dcollinghamof@huffingtonpost.com,Female,Philippines
881,Bridget,Matussov,bmatussovog@thetimes.co.uk,Female,Indonesia
882,Zaneta,Iggalden,ziggaldenoh@weebly.com,Female,China
883,Booth,Huyton,bhuytonoi@redcross.org,Male,Russia
884,Phillie,Whittlesea,pwhittleseaoj@thetimes.co.uk,Female,China
885,Kristoffer,MacDearmid,kmacdearmidok@thetimes.co.uk,Male,Philippines
886,Fritz,Retallick,fretallickol@kickstarter.com,Male,China
887,Skipp,Squibbs,ssquibbsom@comsenz.com,Male,Egypt
888,Yancy,Mayne,ymayneon@state.gov,Male,Indonesia
889,Nikki,Corp,ncorpoo@dyndns.org,Male,Cuba
890,Currie,Fewtrell,cfewtrellop@mac.com,Male,Norway
891,Willem,Spore,wsporeoq@github.io,Male,Iran
892,Annemarie,Dinesen,adinesenor@naver.com,Female,Ivory Coast
893,Katy,Matisoff,kmatisoffos@mediafire.com,Female,Russia
894,Ivonne,Aubry,iaubryot@intel.com,Female,Japan
895,Levin,Brownscombe,lbrownscombeou@w3.org,Male,Denmark
896,Carol-jean,Gilbart,cgilbartov@youtu.be,Female,Japan
897,Lilith,Iles,lilesow@webeden.co.uk,Female,Brazil
898,Ariana,MacAskill,amacaskillox@cargocollective.com,Female,Czech Republic
899,Ethyl,Elcocks,eelcocksoy@marriott.com,Female,China
900,Corbet,Medcalfe,cmedcalfeoz@foxnews.com,Male,Russia
901,Ileane,Pimme,ipimmep0@tripadvisor.com,Female,Sweden
902,Kiri,Steanson,ksteansonp1@thetimes.co.uk,Female,Brazil
903,Con,Cullington,ccullingtonp2@arizona.edu,Female,Russia
904,Ignace,Heppner,iheppnerp3@illinois.edu,Male,China
905,Wilt,Climar,wclimarp4@nationalgeographic.com,Male,China
906,Valida,Audsley,vaudsleyp5@digg.com,Female,Croatia
907,Arline,Borkett,aborkettp6@java.com,Female,Tunisia
908,Vyky,Bassom,vbassomp7@webeden.co.uk,Female,France
909,Lemuel,Truran,ltruranp8@merriam-webster.com,Male,France
910,Tracy,Beggini,tbegginip9@paypal.com,Female,Russia
911,Harp,Vyvyan,hvyvyanpa@nba.com,Male,United States
912,Newton,Paolacci,npaolaccipb@cnet.com,Male,Czech Republic
913,Skip,Kislingbury,skislingburypc@sciencedaily.com,Male,Indonesia
914,Tessie,Kettley,tkettleypd@uol.com.br,Female,China
915,Ami,Crozier,acrozierpe@timesonline.co.uk,Female,China
916,Urban,Ogley,uogleypf@slashdot.org,Male,Guatemala
917,Kevan,Bramont,kbramontpg@ucoz.com,Male,Lebanon
918,Junie,Stanes,jstanesph@yolasite.com,Female,South Korea
919,Eldridge,Witherby,ewitherbypi@wikipedia.org,Male,United States
920,Ellary,Luberti,elubertipj@miitbeian.gov.cn,Male,China
921,Aurie,Arter,aarterpk@constantcontact.com,Female,Philippines
922,Brinn,Pizzie,bpizziepl@usa.gov,Female,Jamaica
923,Carleton,Tomney,ctomneypm@latimes.com,Male,Sri Lanka
924,Ermanno,Camerello,ecamerellopn@bluehost.com,Male,Malaysia
925,Zollie,Gregory,zgregorypo@google.ca,Male,Palestinian Territory
926,Ailbert,Rendell,arendellpp@twitpic.com,Male,China
927,Berry,Turl,bturlpq@yellowbook.com,Female,China
928,Hill,Davsley,hdavsleypr@usnews.com,Male,Russia
929,Peri,Itscowicz,pitscowiczps@hostgator.com,Female,Russia
930,Petey,Martina,pmartinapt@alibaba.com,Male,Sweden
931,Jamie,Mayhou,jmayhoupu@ihg.com,Male,China
932,Josy,Scutcheon,jscutcheonpv@utexas.edu,Female,Australia
933,Dolph,Tomes,dtomespw@goodreads.com,Male,China
934,Ava,Mouget,amougetpx@i2i.jp,Female,Venezuela
935,Emeline,Burnup,eburnuppy@cdbaby.com,Female,Brazil
936,Carolin,Vakhrushin,cvakhrushinpz@netlog.com,Female,Venezuela
937,Jewel,Howling,jhowlingq0@freewebs.com,Female,Iran
938,Florenza,Batman,fbatmanq1@webnode.com,Female,Russia
939,Natty,Bickers,nbickersq2@istockphoto.com,Female,China
940,Vincent,Weston,vwestonq3@dell.com,Male,Peru
941,Morton,Gaylor,mgaylorq4@ox.ac.uk,Male,United Kingdom
942,Andee,Weekly,aweeklyq5@prlog.org,Female,Honduras
943,Gene,Bagg,gbaggq6@addthis.com,Male,Russia
944,Garrik,Dudenie,gdudenieq7@mozilla.com,Male,Andorra
945,Kelwin,Prangley,kprangleyq8@w3.org,Male,China
946,Ferrell,Hebblewaite,fhebblewaiteq9@blog.com,Male,Ukraine
947,Kelly,Dines,kdinesqa@feedburner.com,Male,Russia
948,Mal,Flancinbaum,mflancinbaumqb@istockphoto.com,Male,Finland
949,Delphinia,Sympson,dsympsonqc@reference.com,Female,Vietnam
950,Zacharias,Alwell,zalwellqd@stumbleupon.com,Male,Panama
951,Eleanor,Merrill,emerrillqe@hexun.com,Female,Russia
952,Haydon,Hanlon,hhanlonqf@census.gov,Male,Philippines
953,Chip,Jepp,cjeppqg@sourceforge.net,Male,Portugal
954,Mack,Comolli,mcomolliqh@psu.edu,Male,China
955,Domini,Moyne,dmoyneqi@nationalgeographic.com,Female,Germany
956,Freeland,Bearman,fbearmanqj@g.co,Male,Philippines
957,Kayla,Dunthorne,kdunthorneqk@samsung.com,Female,Argentina
958,Sharity,Wisby,swisbyql@vkontakte.ru,Female,Peru
959,Kariotta,Canlin,kcanlinqm@instagram.com,Female,Greece
960,Denis,Seawell,dseawellqn@taobao.com,Male,Indonesia
961,Jami,Mancktelow,jmancktelowqo@virginia.edu,Female,China
962,Kilian,Avramow,kavramowqp@yahoo.co.jp,Male,Russia
963,Glennis,Dow,gdowqq@hc360.com,Female,Palestinian Territory
964,Gino,Ivasechko,givasechkoqr@privacy.gov.au,Male,Ecuador
965,Felike,Baise,fbaiseqs@weibo.com,Male,China
966,Roanna,Pattingson,rpattingsonqt@cpanel.net,Female,Mexico
967,Lynda,Livezley,llivezleyqu@t-online.de,Female,Philippines
968,Goraud,Hilliam,ghilliamqv@hud.gov,Male,Nigeria
969,Emmalyn,Ilyuchyov,eilyuchyovqw@typepad.com,Female,Indonesia
970,Ferris,Lackinton,flackintonqx@seesaa.net,Male,Armenia
971,Allan,Bassindale,abassindaleqy@hc360.com,Male,Vietnam
972,Maurita,Hartmann,mhartmannqz@virginia.edu,Female,China
973,Minette,Gawthrop,mgawthropr0@jigsy.com,Female,Indonesia
974,Bride,Hunnam,bhunnamr1@opensource.org,Female,Poland
975,Tersina,Larkings,tlarkingsr2@thetimes.co.uk,Female,Indonesia
976,Thor,Turrill,tturrillr3@msu.edu,Male,Brazil
977,Myles,Marielle,mmarieller4@oracle.com,Male,Honduras
978,Nerty,Cowp,ncowpr5@people.com.cn,Female,Philippines
979,Fitzgerald,Bosworth,fbosworthr6@barnesandnoble.com,Male,United Kingdom
980,Charis,Schruyer,cschruyerr7@cafepress.com,Female,Portugal
981,Hayward,Rugiero,hrugieror8@mail.ru,Male,Czech Republic
982,Melly,Wychard,mwychardr9@vkontakte.ru,Female,France
983,Gib,Layne,glaynera@yolasite.com,Male,Russia
984,Garwin,Bransby,gbransbyrb@narod.ru,Male,France
985,Bobbette,Youngman,byoungmanrc@bluehost.com,Female,China
986,Lemar,Balogun,lbalogunrd@google.com.au,Male,Uganda
987,Gale,Lethbridge,glethbridgere@dagondesign.com,Male,Morocco
988,Flss,Cotgrave,fcotgraverf@de.vu,Female,Russia
989,Alfie,Cunde,acunderg@mashable.com,Male,Russia
990,Laney,Metheringham,lmetheringhamrh@constantcontact.com,Male,France
991,Muhammad,Faires,mfairesri@cnbc.com,Male,Ecuador
992,Stephan,Akeherst,sakeherstrj@bing.com,Male,Portugal
993,Foss,Janiak,fjaniakrk@wordpress.com,Male,Poland
994,Nanice,Simononsky,nsimononskyrl@taobao.com,Female,Russia
995,Dominique,Barstowk,dbarstowkrm@chronoengine.com,Female,Serbia
996,Jacinda,Kyttor,jkyttorrn@freewebs.com,Female,Portugal
997,Dani,McGurn,dmcgurnro@patch.com,Female,Kenya
998,Arnie,Dearlove,adearloverp@ed.gov,Male,China
999,Harwilll,Reeder,hreederrq@homestead.com,Male,Uruguay
1000,Jarrett,Eathorne,jeathornerr@drupal.org,Male,Norway
